employee_id,salary,prev_salary,overtime_hours,total_hours
0,53973.713224089865,51275.02756288537,9.585207096486446,160
1,41104.95905562464,39049.71110284341,10.95670655406815,160
2,62633.70252405913,59502.01739785617,12.302304187458727,160
3,45352.97492781188,43085.32618142129,8.424490578465557,160
4,51935.698172528275,49338.91326390186,4.260159266026607,160
5,56531.56064761062,53704.98261523009,5.428372007152417,160
6,42735.807395830314,40599.0170260388,5.763088895994126,160
7,44964.20031260599,42715.990296975695,11.793161400737825,160
8,45644.93820379854,43362.691293608616,10.332767769129598,160
9,45197.96919915271,42938.07073919507,12.842319463139916,160
10,45186.34710216482,42927.02974705658,15.556834553526812,160
11,45730.809569260105,43444.2690907971,9.98341641303962,160
12,56580.35929682551,53751.34133198423,6.337469050086933,160
13,72226.50433241953,68615.17911579854,13.580919172846952,160
14,55907.73263996329,53112.34600796512,10.514104843569912,160
15,41927.317257079136,39830.95139422518,5.250117359389337,160
16,46314.8898323217,43999.14534070561,13.171366678656748,160
17,40955.581562547464,38907.80248442009,10.403286647884066,160
18,89169.24799510466,84710.78559534941,35.50508659956781,160
19,54656.98235770431,51924.13323981909,12.663245378780072,160
20,43286.259814218894,41121.94682350795,9.072362872446357,160
21,37934.77368362014,36038.03499943913,13.298940927354462,160
22,41149.32020795177,39091.85419755418,6.411380127757988,160
23,56678.36335384343,53844.44518615126,10.889684152986913,160
24,52893.08820038107,50248.43379036201,8.064640736184627,160
25,61963.474023067785,58865.300321914394,11.01454375597996,160
26,29042.039167282044,27589.93720891794,12.465707513125672,160
27,38649.996331268776,36717.49651470534,13.127474852018263,160
28,48242.6248972999,45830.4936524349,11.07133771453524,160
29,43685.93337041664,41501.636701895804,12.23113385131368,160
30,43532.0511768545,41355.44861801177,8.49472886924639,160
31,54011.58665219844,51311.00731958852,13.474559958796084,160
32,45761.91836986369,43473.822451370506,11.539802299340067,160
33,60974.89706839821,57926.1522149783,10.526659881864498,160
34,44383.57524898118,42164.39648653212,9.017013560206696,160
35,60189.868961116445,57180.37551306062,9.12414198752314,160
36,50040.907653139686,47538.8622704827,9.29623859987456,160
37,46835.86838735765,44494.07496798977,9.132589430590174,160
38,48709.71430667193,46274.22859133833,11.212152570443616,160
39,42455.5455322619,40332.76825564881,14.211876215977881,160
40,34649.83027760767,32917.33876372728,9.92045837365235,160
41,50818.78146039733,48277.84238737746,8.70217215835596,160
42,48461.11228175102,46038.05666766346,10.904642027000838,160
43,52718.56771349315,50082.639327818484,9.977859550166281,160
44,59142.582516120165,56185.45339031416,12.255799098060322,160
45,43585.37725320245,41406.10839054233,14.152047156798034,160
46,54694.85675040216,51960.11391288205,16.571366877429938,160
47,46052.540142373386,43749.91313525471,12.769487825025859,160
48,50797.21092070113,48257.35037466607,8.489573037651402,160
49,50073.1547659211,47569.49702762504,8.903382109502372,160
50,41501.57029019116,39426.4917756816,11.420777291905544,160
51,54964.38572769388,52216.166441309186,9.51718786941081,160
52,43733.973661310105,41547.2749782446,9.033815451382972,160
53,47146.03979385445,44788.73780416173,11.668365395601896,160
54,51819.67947683304,49228.69550299138,13.921428262847284,160
55,47404.07233736885,45033.86872050041,9.382399848713485,160
56,52079.062353987385,49475.109236288015,12.345468615331932,160
57,60395.1745141159,57375.4157884101,7.398561531851341,160
58,52003.942802767015,49403.74566262866,11.039344628490927,160
59,103620.612311982,98439.5816963829,37.62661289318975,160
60,104689.1595727789,99454.70159413994,23.57083723776269,160
61,51398.664095931774,48828.73089113518,6.349435322922282,160
62,40469.57202237881,38446.093421259866,11.969660825901489,160
63,43990.56460268857,41791.03637255414,6.60871584063841,160
64,57707.00903395457,54821.65858225684,11.238342780809495,160
65,43058.871280165,40905.92771615675,10.437585557284928,160
66,42883.884562995816,40739.690334846026,7.552569145103686,160
67,57029.38838552716,54177.9189662508,9.28121647541857,160
68,50104.015135023255,47598.81437827209,14.360602231471951,160
69,38748.75786254761,36811.31996942023,9.896411031715575,160
70,41432.860015511105,39361.21701473555,11.447417245729556,160
71,49006.94088894672,46556.59384449939,12.221022453843215,160
72,43225.65025545276,41064.36774268012,5.455458325942406,160
73,42591.627046308175,40462.04569399276,8.461104047093134,160
74,51385.44740680946,48816.17503646898,11.15595213918651,160
75,51847.62978356106,49255.248294383004,7.573189325828917,160
76,50465.669747568,47942.386260189596,6.571089106508131,160
77,56979.57726128362,54130.59839821944,13.198595632293214,160
78,38978.64505634327,37029.712803526105,7.186524880254632,160
79,52435.59295896682,49813.81331101848,10.77162247294032,160
80,54120.38149044838,51414.362415925956,21.558194471964164,160
81,60647.05062377668,57614.698092587845,12.964607831512335,160
82,47477.84604287724,45103.95374073338,12.276907661479802,160
83,51320.18238487471,48754.17326563097,7.432213246511895,160
84,68517.26853338807,65091.40510671866,4.398204422224756,160
85,46683.745556880865,44349.55827903682,10.240596137622443,160
86,46224.54507368453,43913.3178200003,13.266851790902098,160
87,62483.04112906303,59358.889072609876,10.385653000213244,160
88,44157.06694626291,41949.21359894976,10.649375768745925,160
89,69112.28765913969,65656.6732761827,15.5302412749616,160
90,33798.85930673914,32108.916341402182,10.559362944308283,160
91,46444.01004624654,44121.809543934214,4.992602922728405,160
92,54039.898231843654,51337.90332025147,12.597265582510364,160
93,47326.02327079706,44959.7221072572,9.04645928046825,160
94,64123.63392224877,60917.45222613633,11.214945132882868,160
95,53018.37012368327,50367.45161749911,14.95405295943847,160
96,37845.04027236789,35952.7882587495,8.547297781401246,160
97,48100.864310346646,45695.82109482931,15.616017041416914,160
98,24069.86127944742,22866.36821547505,6.92683707599713,160
99,34040.307427538806,32338.292056161863,6.09942147521968,160
100,46479.64410642413,44155.66190110292,10.392221731858275,160
101,50468.07121845475,47944.66765753201,17.043990785350967,160
102,42147.930791616396,40040.53425203558,11.386310422789812,160
103,48380.33979334759,45961.32280368021,10.182689821351481,160
104,50908.138762009985,48362.73182390948,11.98639202356314,160
105,45078.93057782936,42824.984048937884,16.333952924848756,160
106,48785.719239715334,46346.433277729564,11.76495161945373,160
107,46108.53787158112,43803.110978002056,10.62279478385716,160
108,45285.081944446305,43020.82784722399,12.548806291063073,160
109,57616.08875077356,54735.28431323488,14.357650742387113,160
110,56502.89695071168,53677.75210317609,11.888886525770836,160
111,54413.896083720596,51693.201279534565,7.869616126217549,160
112,49832.78724828681,47341.147885872466,10.351982149926346,160
113,44646.37817455029,42414.059265822776,13.485811953240324,160
114,48258.55037418224,45845.62285547313,13.296330555961571,160
115,46736.67717782963,44399.84331893815,10.7848691679174,160
116,60443.83045723463,57421.638934372895,10.063011524898277,160
117,96172.40323408392,91363.78307237972,37.685772399610705,160
118,52593.33081990754,49963.66427891216,9.609570836896946,160
119,65298.54111871976,62033.61406278377,13.195681247640753,160
120,41951.86094800239,39854.267900602266,6.357434161636803,160
121,56165.426636184886,53357.155304375636,12.001168310409374,160
122,49902.02581722468,47406.924526363444,7.308236885542506,160
123,33279.85801095776,31615.86511040987,15.311294549700156,160
124,43396.02242565991,41226.221304376915,9.03584247504102,160
125,54910.73073180339,52165.19419521322,14.073642364299964,160
126,51959.73256886978,49361.74594042629,8.479170473886612,160
127,54472.87362091622,51749.22993987041,12.61762477429144,160
128,38415.32526802141,36494.559004620336,5.777608676870335,160
129,44686.180453564615,42451.871430886385,14.080334098744515,160
130,52487.26052478404,49862.89749854484,14.426068650848656,160
131,47581.406063389535,45202.335760220056,9.986311513029111,160
132,52581.748482704716,49952.66105856948,7.518307169343031,160
133,53941.49187040324,51244.417276883076,10.26661901839523,160
134,55521.1519336889,52745.094337004455,8.796338584342491,160
135,50557.22131615103,48029.360250343474,12.950512919075395,160
136,50781.408788390654,48242.33834897112,7.6809706484336004,160
137,68206.09038053763,64795.78586151075,11.218680055149784,160
138,67225.45966009246,63864.18667708783,7.697957311335852,160
139,49112.54451496392,46656.91728921572,12.928927379443309,160
140,43282.225262553795,41118.1139994261,8.201822063667933,160
141,58260.803232143815,55347.763070536625,4.569606025011952,160
142,52734.04780621728,50097.34541590641,15.628512517647659,160
143,54570.78008261431,51842.24107848359,12.911571460039632,160
144,39438.13434383486,37466.22762664312,15.494376297563061,160
145,49411.111073664746,46940.555519981506,9.153336433038367,160
146,36294.92376727298,34480.17757890933,14.061617122496239,160
147,52205.08126309926,49594.827199944295,10.836169104911983,160
148,37244.578729645065,35382.34979316281,8.201874931138681,160
149,52075.11447199755,49471.358748397666,10.907044870994929,160
150,50041.949597745464,47539.85211785819,10.140941781294226,160
151,47495.81033426848,45121.019817555054,5.202629582387552,160
152,50962.36505369519,48414.24680101043,11.543316502176246,160
153,58483.574512883744,55559.395787239555,14.624112990754547,160
154,52658.51209583673,50025.586491044895,7.754540390330339,160
155,50918.89174571117,48372.94715842561,14.653788564198912,160
156,66485.9833990559,63161.6842291031,15.266022527329614,160
157,41836.934021902765,39745.08732080762,9.19271668621315,160
158,55163.00759668118,52404.857216847115,14.105894672597046,160
159,93061.59477165045,88408.51503306792,26.919222252380408,160
160,58467.395894796704,55544.026100056864,4.723781540730657,160
161,57088.50848196923,54234.08305787076,9.588766536874441,160
162,62018.85641676823,58917.913595929815,10.222284341259325,160
163,57852.37901384065,54959.76006314861,10.992101671191795,160
164,36372.94048515876,34554.29346090082,9.833356903310143,160
165,49950.40688260902,47452.88653847857,11.209357981256732,160
166,39564.24399596117,37586.031796163115,12.009017646490115,160
167,41189.9847612231,39130.485523161944,11.463019824769882,160
168,49498.56722181463,47023.63886072389,12.865426961503715,160
169,46426.53223447467,44105.20562275093,8.572985956094193,160
170,45757.93905302048,43470.04210036945,7.621381503212968,160
171,38527.289046139806,36600.92459383282,9.425401528260121,160
172,65717.80106333112,62431.911010164564,10.105790655915186,160
173,54116.711925524316,51410.876329248094,13.613905217727476,160
174,49101.37560247336,46646.30682234969,9.33709120140033,160
175,44108.70262193883,41903.267490841885,11.738513204649562,160
176,47799.586422786844,45409.6071016475,3.094236505793246,160
177,44987.80653849165,42738.41621156706,3.4236098312740637,160
178,54612.45570444613,51881.83291922382,10.933750463630608,160
179,42221.85161820742,40110.75903729705,10.238447355452616,160
180,37148.42943793942,35291.007966042445,10.61039090760167,160
181,48504.75901951673,46079.52106854089,9.856627367879385,160
182,44827.416926059785,42586.046079756794,6.755355989156815,160
183,51745.78186024877,49158.49276723633,12.731692367113242,160
184,49936.21886946706,47439.407925993706,14.439832416670077,160
185,68994.63522793911,65544.90346654215,13.043598078061894,160
186,41702.03076538835,39616.92922711893,9.428983965749175,160
187,61165.85548742851,58107.56271305708,6.071052129964305,160
188,38811.45940944687,36870.88643897453,11.688907710071712,160
189,46335.12077734899,44018.364738481534,8.122021209236799,160
190,45260.84860608904,42997.806175784586,7.408027690960552,160
191,29977.923826702277,28479.02763536716,12.053926604665506,160
192,48088.41562506872,45683.994843815286,7.277309013875207,160
193,51898.595078077946,49303.66532417405,10.820732209415885,160
194,54007.33750099505,51306.970625945294,7.067334265604346,160
195,66346.56391745844,63029.23572158551,14.858836466311933,160
196,44699.009928433225,42464.05943201156,11.711796005779478,160
197,52238.05879829367,49626.15585837898,1.7771354666208943,160
198,52077.78001377186,49473.89101308327,7.2870501246867745,160
199,40886.86617128094,38842.52286271689,10.803227997109783,160
200,44785.31113758273,42546.04558070359,10.142196013949242,160
201,45184.250568828924,42925.03804038747,12.280753283906082,160
202,54238.43342332226,51526.51175215615,14.324705861973701,160
203,35838.05449326486,34046.151768601616,6.902112792897116,160
204,52969.16698697047,50320.708637621945,8.188044439852538,160
205,53904.352635029994,51209.13500327849,14.740402285225604,160
206,52700.821296601614,50065.78023177153,8.764369101632598,160
207,47452.17191479728,45079.563319057415,9.042828936800971,160
208,52318.1988551713,49702.28891241273,16.226202395936316,160
209,47838.3734505797,45446.45477805071,12.842850812984228,160
210,33695.003718577165,32010.253532648305,6.975741067247788,160
211,58412.74432537333,55492.10710910466,7.469365113263588,160
212,52615.4189901133,49984.64804060763,9.342698413573407,160
213,57139.28655852169,54282.32223059561,10.286861337668178,160
214,38171.31003376127,36262.74453207321,13.431262129620787,160
215,54075.02493068884,51371.273684154396,13.741981165695172,160
216,51454.93004046796,48882.18353844456,10.744661758901008,160
217,41268.87650165224,39205.432676569624,7.548995682217318,160
218,50572.52989775514,48043.903402867385,8.56702765970465,160
219,47219.78612981636,44858.796823325545,12.487416053755805,160
220,47841.00051765303,45448.95049177038,7.063708852653078,160
221,46580.736460404194,44251.69963738398,8.342062679958984,160
222,56956.847360845284,54109.00499280302,14.066913576414853,160
223,36942.25536457185,35095.142596343256,10.842892962754597,160
224,35770.23800876577,33981.726108327486,14.488132934467549,160
225,51444.24673444345,48872.034397721276,17.93071475019565,160
226,50875.15835683914,48331.40043899718,12.177299871696075,160
227,51734.88829586351,49148.14388107033,11.326349995940419,160
228,65056.19597180027,61803.38617321025,14.036260138464932,160
229,51471.06681524126,48897.513474479194,10.300286327739094,160
230,42083.161437931354,39979.00336603478,9.622639239701055,160
231,70309.52881389989,66794.05237320489,11.571858001323381,160
232,48735.93681136808,46299.139970799675,8.71935679015774,160
233,56817.971912242145,53977.073316630034,3.0377878780656085,160
234,39680.31280207157,37696.29716196799,6.1147636838091515,160
235,37977.87985895517,36078.98586600741,9.217794505324543,160
236,48034.05548731244,45632.35271294682,9.181829290756989,160
237,56435.51288088692,53613.73723684257,9.528358319906648,160
238,129583.29751912552,123104.13264316924,40.139085265929815,160
239,41862.462635636875,39769.33950385503,11.550007925944369,160
240,47848.890475561355,45456.44595178329,6.6804222737749885,160
241,50005.5929404574,47505.31329343453,10.474767942860103,160
242,50111.43433530357,47605.86261853839,9.92762473866999,160
243,49081.24784413581,46627.18545192902,10.465109870786556,160
244,49737.97383827201,47251.07514635841,8.369725686598706,160
245,61108.65815232231,58053.22524470619,2.0219459288518813,160
246,59968.68153998103,56970.24746298198,3.7798293027755516,160
247,52318.73811334775,49702.80120768036,9.235536194882906,160
248,38739.90644225743,36802.911120144556,7.666549937227375,160
249,47104.872230135974,44749.628618629176,9.79123053126097,160
250,57485.42714517969,54611.1557879207,13.814665284982476,160
251,44364.23917232376,42146.027213707566,7.815054550156342,160
252,45803.83786976181,43513.645976273714,11.468123683683753,160
253,47194.5477769697,44834.82038812122,9.312351845339224,160
254,55687.67974562793,52903.29575834653,11.33278993445812,160
255,63171.17794143979,60012.6190443678,6.978731907081217,160
256,109489.62012749414,104015.13912111943,27.21408204617409,160
257,36641.7666234528,34809.67829228016,15.294060802788156,160
258,45818.21583584768,43527.3050440553,13.147027677510668,160
259,60526.132066257276,57499.82546294441,4.740678859185354,160
260,39756.565180029735,37768.73692102825,15.264382545953094,160
261,35972.244669994696,34173.63243649496,8.365233295123273,160
262,45640.6473055284,43358.61494025198,11.197408343056212,160
263,57774.581521381886,54885.85244531279,9.90712524809028,160
264,47091.10230228915,44736.54718717469,9.829163128836798,160
265,67241.91630746459,63879.820492091356,12.016771853241316,160
266,51366.92350502354,48798.57732977236,9.448049990941962,160
267,39692.4209619414,37707.799913844334,10.302452266762156,160
268,51566.762040781454,48988.42393874238,7.0648816671549035,160
269,66044.59236511962,62742.36274686363,12.15277473937915,160
270,52048.237874511,49445.82598078545,12.948072951836542,160
271,41969.93686749304,39871.44002411838,11.53088916874697,160
272,35273.00614934684,33509.35584187949,6.161269099792896,160
273,47215.89530962529,44855.10054414402,10.595675088688875,160
274,45107.857576064416,42852.464697261195,5.780016709455333,160
275,60730.495357601074,57693.970589721015,7.348666633407195,160
276,42404.80888934446,40284.56844487723,17.897146194512175,160
277,50762.56645558175,48224.43813280266,10.537110389646895,160
278,45394.89739009781,43125.152520592914,10.366029443936084,160
279,36483.54219137384,34659.36508180515,12.96136660038613,160
280,49720.09207602431,47234.087472223095,15.31240190690653,160
281,37536.38145858666,35659.56238565732,8.798855919450046,160
282,55059.26191244417,52306.29881682196,12.91766334888019,160
283,35897.06456903168,34102.2113405801,13.432405607849255,160
284,49404.53256719963,46934.30593883965,11.862016292652033,160
285,58516.5494242136,55590.72195300292,10.358817006661209,160
286,54478.32358344832,51754.4074042759,13.242342176663865,160
287,46370.04553170846,44051.54325512304,11.898824901380396,160
288,53436.94575306069,50765.09846540765,10.623063061489333,160
289,56547.877877108316,53720.483983252896,10.401542962737999,160
290,41351.5476767339,39283.970292897204,13.159458559998711,160
291,59032.555500281145,56080.92772526709,9.758752678873021,160
292,57506.27044780798,54630.95692541758,8.451865815347878,160
293,38758.72062108432,36820.7845900301,11.503100030552035,160
294,51777.070173069704,49188.21666441621,8.563754135009567,160
295,47911.78197402564,45516.192875324356,10.404954162459065,160
296,61575.82307482987,58497.03192108837,10.589664329534724,160
297,56942.12019336711,54095.01418369875,10.84909661618565,160
298,50658.2719142034,48125.35831849322,13.196441125196053,160
299,59785.367604731655,56796.09922449507,7.949704629609631,160
300,68391.184988954,64971.6257395063,8.911484318681023,160
301,36545.43739893417,34718.16552898746,4.724203000017558,160
302,46638.505463233145,44306.58019007149,9.154646173418477,160
303,41951.07285533203,39853.51921256543,6.847264126515439,160
304,49722.52090090575,47236.39485586046,10.702644197609562,160
305,41435.375362582665,39363.60659445353,12.047869709371438,160
306,57874.57918781267,54980.85022842203,9.358033467323473,160
307,68477.78204324949,65053.89294108701,8.008309259360002,160
308,51331.61766570445,48765.03678241922,11.477353792024447,160
309,37440.317298741254,35568.30143380419,10.221888892220704,160
310,45014.87578860189,42764.13199917179,8.333568642519236,160
311,46032.247629388236,43730.63524791882,9.49565531312412,160
312,61364.03398391884,58295.83228472289,8.287761118751572,160
313,52748.94871628174,50111.50128046765,8.870342046933203,160
314,51623.3841668104,49042.21495846988,5.452767655008304,160
315,43279.11937133329,41115.16340276662,10.494093482311422,160
316,45097.69047612491,42842.80595231866,8.836895320192047,160
317,54347.992822314736,51630.593181198994,13.250828961716412,160
318,48584.42218004761,46155.20107104522,7.605108266384638,160
319,57072.80669247344,54219.16635784976,7.147948625784019,160
320,45859.10960771063,43566.15412732509,10.671363854916695,160
321,22153.529369919328,21045.85290142336,7.389330273569465,160
322,46084.484459854226,43780.26023686151,13.132482631207216,160
323,36884.829858687546,35040.58836575317,11.387645657942622,160
324,54725.23864553848,51988.97671326155,13.326110741748723,160
325,53244.94074512303,50582.69370786688,12.145021041403423,160
326,58533.39751671323,55606.727640877565,13.507886771337018,160
327,44806.46940077056,42566.14593073203,11.441686322232242,160
328,48663.055357465164,46229.902589591904,10.440141059299968,160
329,44483.67743135707,42259.49355978922,11.484866552684576,160
330,100459.91716695708,95436.92130860922,41.50606676346569,160
331,56542.0215670084,53714.920488657976,5.531820821052081,160
332,39121.150872160644,37165.09332855261,12.238760698081663,160
333,61961.06996413929,58863.01646593233,10.640891273285531,160
334,51995.069469686045,49395.31599620174,14.732359839290423,160
335,59671.855552851724,56688.262775209136,5.6755172558091544,160
336,46428.53108359577,44107.10452941598,10.582269978694923,160
337,47096.34176825034,44741.52467983782,10.523917808103484,160
338,59560.37303139874,56582.3543798288,5.430439285648676,160
339,52936.818134304536,50289.977227589305,8.42258383806113,160
340,62524.192233874724,59397.982622180985,9.802749216781036,160
341,36392.05158448997,34572.44900526547,8.780521369911215,160
342,38415.88879667005,36495.09435683655,3.403582130139754,160
343,55189.09067776769,52429.6361438793,12.961926697769876,160
344,51950.405710169594,49352.885424661115,8.307764107789815,160
345,48220.697772355474,45809.6628837377,6.559124113799682,160
346,64773.09596838133,61534.44116996226,6.789745701021542,160
347,57183.10831008274,54323.9528945786,9.380298494706013,160
348,39987.68460647645,37988.30037615262,14.331293812219778,160
349,54044.01448489193,51341.81376064733,9.91322534747539,160
350,52741.802771021634,50104.71263247055,11.370259657461352,160
351,53679.432206577156,50995.4605962483,11.822542981448514,160
352,51572.16935761176,48993.56088973117,12.127011272765536,160
353,41754.25997758782,39666.54697870843,9.850700471052745,160
354,44588.86158352584,42359.418504349545,15.402821298732448,160
355,44073.34073625838,41869.67369944546,9.957132905830093,160
356,56725.148391909795,53888.8909723143,8.042128062092827,160
357,47784.80928162897,45395.56881754752,9.923832860846538,160
358,46381.54944600739,44062.47197370702,2.7283620201131296,160
359,58188.17217972528,55278.763570739015,6.719113161809815,160
360,42264.1908549663,40150.981312217984,9.85686593157406,160
361,69216.21025468365,65755.39974194947,9.932190731665541,160
362,48232.28660936269,45820.67227889455,10.080657516983592,160
363,42989.45065620655,40839.97812339622,10.112980699503813,160
364,41987.039920840674,39887.687924798636,9.156699121342136,160
365,57911.061898472144,55015.50880354853,11.86992941996381,160
366,61194.843492688015,58135.10131805361,12.773901048738306,160
367,64495.84099307897,61271.04894342502,11.073777186075306,160
368,57161.54576022186,54303.46847221076,11.905515405045909,160
369,50916.266929723715,48370.453583237526,12.850436412996496,160
370,66602.08698100212,63271.982631952014,7.932436545731297,160
371,47043.82706542216,44691.63571215105,10.613648188272236,160
372,44788.655971084416,42549.22317253019,8.548342497837035,160
373,41747.39002503874,39660.0205237868,8.41210528736134,160
374,49805.16326191214,47314.905098816525,16.42681107583559,160
375,42534.29273883522,40407.57810189346,12.259977281131723,160
376,50304.027825345605,47788.82643407832,10.360093980154783,160
377,45981.95427044701,43682.85655692466,10.63478491114118,160
378,47940.98770061324,45543.93831558257,4.994247778367232,160
379,57463.03267462897,54589.88104089752,12.619475645857447,160
380,40193.87469598127,38184.1809611822,5.606875359370539,160
381,37505.545108836224,35630.26785339441,16.005211307590407,160
382,58629.446667450364,55697.974334077844,9.884474591497879,160
383,36936.38175566413,35089.56266788092,8.281694726354422,160
384,61812.322797807166,58721.7066579168,14.140274062442355,160
385,53213.00404393179,50552.353841735196,7.943169156754577,160
386,45597.55876923664,43317.68083077481,7.985129896185845,160
387,52590.40102084756,49960.88096980518,9.125530063019529,160
388,54348.80123675546,51631.361174917685,8.888157003741682,160
389,32124.58846148638,30518.359038412058,10.705599486564102,160
390,47100.47246877494,44745.44884533619,6.640990316121568,160
391,56458.344998488676,53635.42774856424,6.262701822700903,160
392,46258.39038950487,43945.470870029625,11.039511645192148,160
393,37552.810796080834,35675.17025627679,9.182812088500572,160
394,50614.57512848204,48083.84637205794,6.151023327434292,160
395,47925.9964593582,45529.69663639028,13.701060764128108,160
396,62006.078325074486,58905.77440882076,12.55066522634048,160
397,56776.63207988028,53937.80047588626,13.667502744660641,160
398,53055.48361785243,50402.709436959805,11.29012494157321,160
399,47573.53230451241,45194.855689286785,11.13917856082037,160
400,49427.18992468749,46955.83042845311,9.888333290470475,160
401,48952.672217842,46505.0386069499,6.895135406403602,160
402,50629.08152252872,48097.627446402286,4.0053979464036775,160
403,51114.740748970115,48559.003711521604,11.357604675464003,160
404,57984.08087887722,55084.876834933355,1.3112338654189326,160
405,43030.929887699866,40879.38339331487,11.210170070062233,160
406,58865.462533900136,55922.18940720513,6.880282218623408,160
407,52212.55322075942,49601.92555972145,8.047859387964731,160
408,48474.540793893226,46050.81375419856,10.652298619539168,160
409,49752.89891542736,47265.25396965599,16.010221801546315,160
410,51608.79237371974,49028.35275503375,13.151963188022837,160
411,51580.527921379056,49001.5015253101,11.347685304759237,160
412,55109.84177623348,52354.3496874218,6.570985261808549,160
413,43826.973420664974,41635.62474963172,10.889884959028526,160
414,49486.89322725606,47012.54856589326,10.986287230910442,160
415,52724.80015279887,50088.560145158925,14.305544647570155,160
416,48046.74691767481,45644.40957179107,12.892261504865072,160
417,58375.36102120009,55456.59297014009,11.709850916024147,160
418,47619.491973120064,45238.517374464056,14.127120439934858,160
419,101927.99934062881,96831.59937359736,20.741931001838246,160
420,41229.79930483839,39168.30933959647,5.6798473522171165,160
421,42918.69200800122,40772.75740760116,14.657685446468925,160
422,44888.306018483985,42643.890717559785,6.030730619777505,160
423,51357.55033881616,48789.67282187535,7.899652380384975,160
424,44494.79723857821,42270.057376649296,16.757307416032926,160
425,50473.13697817938,47949.48012927041,13.37835107804614,160
426,38883.42026589123,36939.249252596666,5.063803759129325,160
427,68628.95206737253,65197.504464003905,12.175454198145225,160
428,54758.03473332229,52020.132996656175,12.560246676340924,160
429,47978.51449599229,45579.58877119268,11.176253589102608,160
430,43968.28328906659,41769.86912461326,9.157974769399678,160
431,43035.419069905955,40883.64811641065,7.047182874122489,160
432,51439.15320922783,48867.19554876644,14.176006859033798,160
433,62116.140500716654,59010.33347568082,12.31924956753258,160
434,42140.100851693525,40033.09580910885,9.326100550008926,160
435,42246.40311748987,40134.08296161537,11.653111906727613,160
436,45189.05884839029,42929.60590597078,10.959345802427611,160
437,61179.31762448298,58120.35174325883,9.77456749956995,160
438,51001.79602118326,48451.7062201241,8.711783376624242,160
439,59649.22716536473,56666.7658070965,11.151914657640587,160
440,44384.06649754596,42164.86317266866,8.011297247347155,160
441,59195.35782610972,56235.58993480423,9.097287941915923,160
442,40049.09411686972,38046.639411026226,7.921284406612278,160
443,56423.21294516549,53602.05229790721,8.318655545531428,160
444,44612.07500604905,42381.4712557466,10.836982486671406,160
445,67781.5650330806,64392.48678142656,6.286537167738652,160
446,55070.21504745679,52316.704295083946,11.241397292354495,160
447,59796.675501009144,56806.841725958686,14.870189686897136,160
448,45540.06571993733,43263.06243394046,5.890591061262766,160
449,52515.06795243878,49889.31455481684,9.993748607739448,160
450,43570.603456242156,41392.07328343004,14.917350416332201,160
451,57811.07162769682,54920.518046311976,13.312147409450061,160
452,54551.864633482204,51824.271401808095,14.885189869385615,160
453,41193.76573730652,39134.0774504412,7.866104125718387,160
454,50272.66774607381,47759.03435877011,7.690080306824075,160
455,45025.45359594887,42774.180916151425,12.104119194517668,160
456,52647.04185771566,50014.68976482988,12.500586884826774,160
457,40619.17394510947,38588.215247853994,6.299595696159683,160
458,63380.57909470163,60211.550139966545,11.257057028098135,160
459,50771.46975034792,48232.89626283052,7.957338153882755,160
460,54310.047939570955,51594.54554259241,7.237979220761901,160
461,42680.32745773843,40546.311084851506,10.243830528301084,160
462,44115.76045928187,41909.972436317774,13.708279525631312,160
463,45728.7271894656,43442.29082999232,5.7785679213552505,160
464,59704.78159983347,56719.542519841794,10.425150740919713,160
465,44006.56607496696,41806.23777121861,10.676028261067202,160
466,51068.32723825826,48514.91087634534,9.542590490858368,160
467,41435.245294115186,39363.48302940943,7.330761694640294,160
468,35310.35701517363,33544.839164414945,11.523973980737631,160
469,67245.94530565431,63883.6480403716,6.6056409380427095,160
470,49951.432707680855,47453.86107229681,12.515472323354926,160
471,46921.264944423,44575.20169720185,11.391916848770377,160
472,50654.63486838052,48121.90312496149,9.703331040426573,160
473,54547.52805004924,51820.15164754677,11.798782339844482,160
474,48600.32194643673,46170.30584911489,7.7327645215214655,160
475,41707.39266914962,39622.02303569214,13.939205546766145,160
476,58687.164526652625,55752.80630031999,11.424094698639859,160
477,69719.02108686147,66233.07003251839,9.099579146822526,160
478,50082.82095874705,47578.6799108097,6.064491302949522,160
479,47026.296773656795,44674.981934973956,7.023060201891717,160
480,50453.199399176854,47930.539429218006,11.589078263070192,160
481,35580.72874004627,33801.69230304395,8.060411436422687,160
482,42485.31684944997,40361.05100697747,9.567737332835154,160
483,54320.90169346501,51604.85660879176,6.152504136635433,160
484,48292.45703255833,45877.83418093042,14.472178410549855,160
485,45490.80778058926,43216.2673915598,8.767206531102447,160
486,45092.77869167248,42838.13975708885,9.092590940535615,160
487,50125.49371036482,47619.21902484658,7.81380495587679,160
488,53495.5053579708,50820.730090072255,13.571938824359023,160
489,53996.215880763266,51296.4050867251,16.866046206393015,160
490,39064.97041267663,37111.7218920428,9.32570379432195,160
491,59662.47446768802,56679.35074430362,9.050049912216316,160
492,90775.8335883725,86237.04190895386,6.680619370695811,160
493,56904.801809365046,54059.56171889679,7.610679456821261,160
494,76337.41489961394,72520.54415463324,31.650239278012403,160
495,42047.15013566246,39944.79262887933,9.907183008533128,160
496,59572.572013315934,56593.94341265014,9.52441128091909,160
497,40455.52036071811,38432.74434268221,9.87973446203034,160
498,48616.43152061262,46185.609944581985,15.13512544042703,160
499,43001.436959391045,40851.36511142149,3.1708794742239927,160
500,44647.41809072067,42415.04718618463,13.11971406218823,160
501,37206.9081084239,35346.5627030027,8.779830750860249,160
502,67258.46570612403,63895.54242081782,8.182855230989984,160
503,52212.349335141334,49601.73186838427,12.398497760512445,160
504,50256.033192526134,47743.23153289982,7.73974638896145,160
505,50709.1735791841,48173.71490022489,15.166385817054909,160
506,47077.42758950313,44723.55621002797,10.554040917594726,160
507,43580.05813430682,41401.055227591474,13.896433974541157,160
508,59603.3112635554,56623.14570037762,8.029317163085812,160
509,46388.72273919489,44069.286602235145,8.691839537050361,160
510,59485.63323730398,56511.35157543878,12.1568599319952,160
511,54857.04880626895,52114.1963659555,13.933476658954316,160
512,47418.561289262914,45047.63322479976,9.247500950634858,160
513,55133.49949723719,52376.82452237533,13.673881261678996,160
514,44851.854156958856,42609.26144911091,12.783520384243712,160
515,61644.94952064893,58562.70204461648,15.397814725056998,160
516,54306.36863239706,51591.05020077721,13.217522011929407,160
517,54454.566726199984,51731.838389889985,9.368889524316863,160
518,41641.52644783173,39559.45012544015,4.1009302318719945,160
519,54635.54058293809,51903.763553791185,10.443097975680331,160
520,48229.97101131382,45818.472460748126,9.169560100333237,160
521,39275.57455996938,37311.79583197091,12.7390006608229,160
522,48663.02628970871,46229.87497522327,10.8477398514649,160
523,59709.851501806734,56724.35892671639,9.579871444173286,160
524,55303.0501493393,52537.89764187233,13.520421572455975,160
525,52610.197366773486,49979.68749843481,10.090934972483026,160
526,53197.50361402113,50537.628433320075,8.045929318624513,160
527,50243.83080212532,47731.63926201905,5.524191560585876,160
528,52470.66410079171,49847.130895752125,15.106644833905714,160
529,34806.58889667626,33066.259451842445,10.235288197055928,160
530,56026.73296883626,53225.396320394444,11.143475154648334,160
531,45020.97444007357,42769.92571806989,11.434269989882367,160
532,48327.8139417118,45911.42324462621,7.448438637372099,160
533,52085.30266520326,49481.03753194309,5.798476119175171,160
534,40432.93550371852,38411.28872853259,11.333808004660423,160
535,104447.72903588334,99225.34258408917,43.09329580492568,160
536,43720.81349534208,41534.77282057497,11.944841301531577,160
537,38401.14747615275,36481.09010234511,6.681075456314974,160
538,55779.05086262217,52990.09831949106,8.881500543724698,160
539,43462.516267128034,41289.39045377163,3.7176381170086685,160
540,51797.477806015086,49207.60391571433,12.79777249561927,160
541,126897.4770388878,120552.6031869434,23.24185005197897,160
542,37794.74948343924,35905.01200926728,13.787752310281547,160
543,51448.93208168849,48876.48547760406,7.492713594937273,160
544,45486.019210740895,43211.71825020385,10.55365390959111,160
545,64890.52477789116,61645.998538996595,15.659843938268232,160
546,58192.5002064917,55282.87519616711,11.777580847603549,160
547,49943.657608602116,47446.474728172005,13.937225865227896,160
548,48638.523019800574,46206.59686881054,8.640315852018174,160
549,57582.60642269773,54703.47610156285,12.04610335013178,160
550,40866.48708693196,38823.162732585355,9.419021622160846,160
551,43253.91516565006,41091.21940736756,9.594271313103906,160
552,62107.59794593705,59002.21804864019,11.892435053664332,160
553,51518.782689699714,48942.84355521473,11.730274198579217,160
554,59768.26956420283,56779.85608599268,11.746293110405848,160
555,59179.27464153285,56220.3109094562,9.087328356484559,160
556,65076.690447476874,61822.85592510303,14.629730584816567,160
557,38713.404015297,36777.73381453215,6.4765884196998496,160
558,51127.08997528963,48570.735476525144,4.694681903311445,160
559,58263.71157722245,55350.52599836132,9.415164374713125,160
560,54108.80085255773,51403.36080992984,8.401897481014267,160
561,41108.69590292452,39053.26110777829,9.845067534504745,160
562,49779.88075959491,47290.88672161516,15.316754790009233,160
563,57201.41589529973,54341.345100534745,12.334327558378053,160
564,42012.91648649367,39912.27066216898,10.905375699458398,160
565,52827.86324758933,50186.47008520986,10.364515034205146,160
566,49198.76738816038,46738.82901875235,9.388978749469102,160
567,52840.17963537213,50198.17065360352,9.336660714134496,160
568,57308.677009866,54443.243159372694,7.590463147958966,160
569,45791.37574230433,43501.80695518911,9.957941385227233,160
570,30606.077917816467,29075.77402192564,12.65213618908315,160
571,51976.619022450424,49377.7880713279,10.261993173746228,160
572,37499.63314490766,35624.651487662275,8.412841967961116,160
573,41116.80386163184,39060.96366855024,11.70116655216431,160
574,53731.43985946821,51044.8678664948,9.893075553107549,160
575,43532.6414038129,41356.009333622256,9.054205467275361,160
576,44123.2673856156,41917.10401633482,7.569242688956857,160
577,58140.00983267345,55233.009341039775,17.98954705035947,160
578,53430.532002644584,50759.00540251235,12.079316821789433,160
579,53035.85645732406,50384.06363445785,15.43451443778055,160
580,41422.887904115145,39351.743508909385,1.235948549516177,160
581,46412.95824756894,44092.31033519049,16.030027867900003,160
582,54953.23408804158,52205.5723836395,16.172486409135097,160
583,61177.8113804701,58118.920811446595,10.171039409113154,160
584,44832.28656700371,42590.672238653526,7.602423980049239,160
585,59295.47050764877,56330.69698226633,7.694905158057784,160
586,52584.63418492823,49955.40247568182,9.242939493621137,160
587,47116.212766363235,44760.40212804507,11.53424650278986,160
588,57064.87821717727,54211.6343063184,9.766488408961594,160
589,42212.42606880419,40101.80476536398,9.983807870915397,160
590,46589.13923035566,44259.682268837874,13.445337127590264,160
591,35353.85241284107,33586.15979219902,10.601955411867062,160
592,64986.38220974036,61737.06309925334,13.240144197143945,160
593,56123.12171336347,53316.965627695296,9.424535625380082,160
594,53877.862538355796,51183.969411438,7.4609300350273795,160
595,56670.458713274915,53836.935777611165,8.716732938859744,160
596,47321.79734314767,44955.70747599028,8.78905461027401,160
597,52383.857891019616,49764.66499646863,12.282714229470724,160
598,66500.19935394517,63175.189386247905,6.797401257237182,160
599,51532.167710927715,48955.55932538133,10.723714412966045,160
600,49362.868870034275,46894.72542653256,11.357115388749202,160
601,59189.86786343551,56230.374470263734,14.297026093652505,160
602,48502.84587996361,46077.70358596542,12.95718998703959,160
603,50261.79593232566,47748.70613570937,9.199255863957037,160
604,54637.06538570861,51905.21211642317,10.9773889497465,160
605,43557.02538359725,41379.17411441738,11.789327018682012,160
606,51347.68781015692,48780.30341964907,13.952792606823879,160
607,47570.70780900803,45192.17241855763,4.134170721069697,160
608,33025.16080793124,31373.90276753468,8.176534038716703,160
609,46013.10086246043,43712.44581933741,12.978065616738377,160
610,56724.96021203642,53888.712201434595,11.640200704604137,160
611,45477.72178880734,43203.83569936697,8.76787402269275,160
612,62923.00551575553,59776.85523996775,9.03303859236598,160
613,37852.408448282076,35959.78802586797,13.731558797758943,160
614,53229.840722692876,50568.34868655823,9.927413180827251,160
615,52979.477175857704,50330.50331706482,7.629801024594165,160
616,46283.061621612855,43968.90854053221,10.603478967618518,160
617,46783.46604386663,44444.2927416733,11.572794032929506,160
618,56970.37837965795,54121.85946067505,5.962060959259754,160
619,34511.07749057103,32785.523616042476,10.377540908858071,160
620,54111.26279727132,51405.69965740776,10.538745345818795,160
621,55788.884697831,52999.44046293945,12.002382344917937,160
622,53278.5492554281,50614.6217926567,9.276227036144373,160
623,42269.50091387894,40156.02586818499,10.450408349114154,160
624,58856.64535429578,55913.81308658099,9.638856508139206,160
625,52023.49451412064,49422.31978841461,9.809661808167563,160
626,45717.37451236862,43431.50578675018,9.728400153087518,160
627,48225.11276963755,45813.857131155666,11.265053404793333,160
628,54104.84638540866,51399.60406613822,9.22135996724825,160
629,57109.30202840768,54253.83692698729,8.419733702035028,160
630,52938.298507210726,50291.38358185019,15.514551030385368,160
631,34918.399583831066,33172.47960463951,9.111197669473356,160
632,41570.54064682917,39492.01361448771,6.7965912352624205,160
633,53426.50369978797,50755.17851479857,12.697407141062476,160
634,49164.40625170023,46706.18593911522,9.493534830429969,160
635,50664.97972525344,48131.730738990766,8.598689779627671,160
636,50560.41730490545,48032.39643966017,13.485634907824572,160
637,52780.243009264595,50141.23085880136,13.49052630386496,160
638,57801.581038259435,54911.50198634646,11.503282509819536,160
639,55226.2653859963,52464.952116696484,18.06260309709088,160
640,44767.39453498061,42529.024808231574,4.5081013094306295,160
641,57086.42510081376,54232.10384577307,10.69002857128851,160
642,62898.22606390916,59753.3147607137,13.944743360752142,160
643,41884.648982656,39790.416533523196,12.348610730744038,160
644,48031.500094960415,45629.92509021239,7.470260214051425,160
645,53393.87407769519,50724.18037381043,10.430017502818693,160
646,50348.81957097963,47831.37859243064,15.085153121292258,160
647,49155.75958398154,46697.97160478246,9.446930047848713,160
648,45105.84727275772,42850.554909119826,9.888889608854765,160
649,48238.44298393634,45826.52083473952,3.7964358206920235,160
650,37962.23700775198,36064.12515736438,12.280167891068807,160
651,96721.03939498807,91884.98742523867,30.061814294451334,160
652,47526.32738360109,45150.011014421034,7.74353078322825,160
653,53841.16908977896,51149.11063529001,18.192601699670703,160
654,48718.93763546688,46282.990753693535,12.014020229351397,160
655,42910.23725112475,40764.72538856851,10.805984280051318,160
656,58608.05710878879,55677.65425334935,10.063934946015827,160
657,46807.105182378,44466.7499232591,8.041309682765313,160
658,35574.88258995244,33796.138460454815,5.2475921709835305,160
659,56176.172496027386,53367.363871226014,14.593971233738408,160
660,46135.511586532484,43828.73600720586,10.440379035956648,160
661,51158.94131726044,48600.99425139742,8.155681404529245,160
662,47851.75481675334,45459.16707591567,7.326423323754138,160
663,42894.81683418099,40750.07599247194,9.079356553937881,160
664,48949.94426326156,46502.44705009848,10.230555648876305,160
665,54095.3927282342,51390.62309182248,9.495075298113791,160
666,41276.807380457234,39212.96701143437,14.23279713923881,160
667,51653.79237795995,49071.10275906195,12.276815800365842,160
668,45100.501002876495,42845.47595273267,11.084510575618305,160
669,50466.80803428382,47943.46763256963,7.765647379820419,160
670,49734.160074844316,47247.452071102096,9.375649428182381,160
671,71424.87898910714,67853.63503965178,8.543046471727983,160
672,51278.8511359792,48714.90857918024,6.916974577222126,160
673,56843.68006946116,54001.496065988096,13.861973170456421,160
674,44830.18152124958,42588.6724451871,15.325932677828536,160
675,42449.19435661026,40326.734638779744,6.716240381341214,160
676,61139.72240051463,58082.73628048889,9.249860456203141,160
677,35445.53657068221,33673.2597421481,7.920439518290742,160
678,60434.72194302522,57412.98584587396,5.012524035892977,160
679,42105.71163408364,40000.42605237945,14.446067480847372,160
680,41154.36265211251,39096.64451950688,9.355236909133794,160
681,42284.76596310646,40170.527664951136,8.70953009322449,160
682,60482.469968956866,57458.34647050902,14.187051432369868,160
683,48795.15264450525,46355.39501227999,7.858738431188048,160
684,57718.813064779664,54832.87241154068,14.846748470644695,160
685,65131.10279640271,61874.547656582574,8.613711944045805,160
686,46209.28522343267,43898.82096226104,9.956643187365163,160
687,49182.97247972,46723.823855734,11.227775162791728,160
688,49293.096326357314,46828.44151003945,8.889966910353618,160
689,35569.74862577458,33791.26119448584,8.935038147660135,160
690,55575.63523608589,52796.85347428159,8.99854153073197,160
691,37682.66784581344,35798.53445352277,5.541168910149119,160
692,40448.599948807554,38426.16995136718,10.42882928429112,160
693,62582.51712733745,59453.39127097058,10.751357223183332,160
694,35591.53812677809,33811.96122043918,8.371978600797934,160
695,39908.36133075913,37912.94326422117,7.404882320953021,160
696,34165.6015169937,32457.321441144017,12.243730768352602,160
697,48625.09610829366,46193.84130287898,6.675506406427595,160
698,29757.699818029363,28269.814827127895,9.141987334359667,160
699,52334.89409600012,49718.14939120011,12.698394913444737,160
700,40163.60324438066,38155.42308216163,11.490097669709565,160
701,49758.845843833195,47270.90355164153,8.296882647343944,160
702,52029.91729195659,49428.42142735876,11.4030795152963,160
703,47105.89544930549,44750.600676840215,10.840364166908348,160
704,54972.57511884841,52223.94636290598,8.891168991869097,160
705,49003.057630478965,46552.904748955014,6.482225173441773,160
706,59008.40200617735,56057.98190586848,9.845818829234542,160
707,38415.54902367448,36494.771572490754,7.471772229955175,160
708,45234.70964765206,42972.97416526946,14.123314279512453,160
709,71727.57257850305,68141.1939495779,9.190844405327992,160
710,49560.84799506971,47082.80559531622,10.85666222457297,160
711,53317.5882298471,50651.70881835474,14.475758939035817,160
712,48421.29263754139,46000.228005664314,9.546180149039465,160
713,59326.44815366708,56360.12574598372,9.386635060944327,160
714,54748.4537782469,52011.03108933455,1.1788340960071597,160
715,65656.50912433313,62373.683668116464,9.275756768739381,160
716,43816.97865741113,41626.129724540566,11.221156861373606,160
717,59163.113508378825,56204.95783295988,8.40532918827083,160
718,57625.000363008694,54743.75034485826,11.539256260291879,160
719,54120.341386209504,51414.32431689902,12.146974734273673,160
720,56403.276201821456,53583.11239173038,12.262873989440724,160
721,54676.025728954475,51942.22444250675,11.348967719877551,160
722,49787.82992600752,47298.438429707145,7.354376046316847,160
723,36877.86688619747,35033.9735418876,5.102324791023721,160
724,43660.64063200031,41477.608600400294,9.07611541108288,160
725,50241.52629768124,47729.449982797174,11.825822327070222,160
726,50009.643802897794,47509.161612752905,7.548734106795428,160
727,48566.31620299689,46138.00039284704,10.247538097969569,160
728,37139.52108504821,35282.5450307958,7.711825664301357,160
729,56983.353494166295,54134.185819457976,8.110284235844762,160
730,56635.79873545399,53804.00879868129,9.418521583681589,160
731,37673.655660553064,35789.97287752541,9.60244996137431,160
732,50479.46104213063,47955.48799002409,10.832130813874574,160
733,43162.61644022867,41004.48561821723,11.005111375787402,160
734,25843.902753433398,24551.707615761727,10.551548634261085,160
735,44808.68894982001,42568.25450232901,10.567277481517156,160
736,56456.98077309848,53634.13173444356,7.079361400886594,160
737,51892.65400700958,49298.021306659095,14.109126333909343,160
738,53139.32773743014,50482.36135055863,8.473109122877503,160
739,35333.27068394854,33566.607149751115,9.91574840322106,160
740,45807.29281652326,43516.928175697096,10.457064616101166,160
741,44990.47974222747,42740.9557551161,10.046136944116316,160
742,47376.84226789666,45008.000154501824,10.465572051576938,160
743,43132.40047700251,40975.78045315239,13.376763313121032,160
744,39233.03261221428,37271.380981603565,7.542226420835506,160
745,58219.37228271019,55308.403668574676,8.008838869060863,160
746,56807.183697343775,53966.82451247658,9.58788463480181,160
747,49475.61914575196,47001.83818846436,15.945075419200087,160
748,122763.97017759904,116625.77166871908,38.33593862017433,160
749,54177.94944998408,51469.05197748487,7.550788041696874,160
750,50709.2607276915,48173.79769130692,10.591947122216787,160
751,51626.4235485526,49045.102371124965,9.145950892982249,160
752,48884.429794552,46440.2083048244,8.649432205445766,160
753,27339.84343379033,25972.851262100812,10.05067214872745,160
754,45595.70520406733,43315.91994386396,6.337862722257524,160
755,59880.974575588225,56886.92584680881,9.03972405716683,160
756,54977.657152347216,52228.774294729854,6.583500646657693,160
757,47815.84191419184,45425.04981848225,11.09537623594903,160
758,37569.929871871485,35691.43337827791,12.453668974075086,160
759,60196.73500234812,57186.89825223071,12.430186912158074,160
760,40484.70485706138,38460.469614208305,14.92801885976789,160
761,51538.34382513517,48961.42663387841,9.555331367224689,160
762,45647.08798308646,43364.73358393213,9.511621281783118,160
763,36049.21506693681,34246.75431358997,10.357055218161925,160
764,48171.20067727985,45762.640643415856,7.016951876174463,160
765,56231.83769635201,53420.24581153441,2.770335498679576,160
766,49845.916962124844,47353.6211140186,9.211327512375197,160
767,66143.26371066591,62836.10052513261,10.648950644705502,160
768,55723.05052352995,52936.89799735345,12.154557177123802,160
769,48098.439002482875,45693.51705235873,10.576704292585692,160
770,50814.850362095895,48274.1078439911,14.647060454485562,160
771,57909.35335486402,55013.88568712081,5.945662705324086,160
772,51386.73331496327,48817.3966492151,10.7318595937255,160
773,31812.02992707757,30221.42843072369,7.191134102779683,160
774,49173.96191880762,46715.26382286724,5.070433566537498,160
775,44439.650718802084,42217.66818286198,9.87649156926235,160
776,50167.09190636769,47658.737311049306,10.69210271715605,160
777,48354.17927337621,45936.4703097074,8.04994999398864,160
778,46998.428957408505,44648.507509538074,9.046854709731297,160
779,53146.153787761774,50488.84609837368,14.23898426688049,160
780,53985.77398797428,51286.48528857556,13.4204471155638,160
781,40639.8587952087,38607.86585544826,12.545686103427244,160
782,48127.84112714415,45721.44907078694,11.399075123339003,160
783,52640.52000650097,50008.49400617592,11.859778997187414,160
784,43318.85678695982,41152.91394761183,16.26861616508432,160
785,50302.8953200716,47787.750554068014,11.753717883848704,160
786,66188.84975383712,62879.40726614526,10.020399533679994,160
787,56732.22673631807,53895.61539950217,8.14709017181726,160
788,32305.104709363946,30689.84947389575,14.600301103888977,160
789,48394.00669157709,45974.30635699823,6.303573010555502,160
790,46566.04463761071,44237.74240573017,11.76565980931216,160
791,50383.69156785237,47864.506989459755,10.995531589775547,160
792,66194.47698629482,62884.75313698007,5.910477986221569,160
793,51301.955318771164,48736.857552832604,10.124137157757543,160
794,53407.09764954429,50736.74276706707,10.057443332247257,160
795,49320.88145198117,46854.83737938211,6.2700282147817035,160
796,55758.06353718546,52970.16036032618,6.120181126386509,160
797,51857.24759793628,49264.38521803946,6.390602193949921,160
798,94991.07151162953,90241.51793604805,29.993622648810188,160
799,54947.9070436518,52200.51169146921,9.377567431948382,160
800,39996.73812824226,37996.90122183014,11.8135459790661,160
801,53756.57454678746,51068.745819448086,12.142310499160278,160
802,46506.24211167524,44180.930006091476,9.801602156122533,160
803,43630.634362450044,41449.10264432754,11.01698105592774,160
804,55953.53577199949,53155.858983399514,9.45632748034569,160
805,39247.0842370945,37284.730025239776,5.190218599552152,160
806,35067.68038911507,33314.296369659314,13.022541069510766,160
807,53251.819817907344,50589.228827011975,5.261153477782369,160
808,40310.62456575375,38295.09333746606,12.192292357199573,160
809,37789.8320262223,35900.340424911185,10.097726732225686,160
810,46743.709496585754,44406.524021756464,12.058955370870102,160
811,37678.01894375138,35794.117996563815,15.950158704555134,160
812,62937.70059974899,59790.81556976154,10.313067812569638,160
813,56234.19109915331,53422.48154419564,9.128274690707913,160
814,48487.036873783734,46062.685030094544,12.764950335773378,160
815,47112.86864460314,44757.225212372985,-0.414289675815148,160
816,39980.85244469505,37981.809822460295,11.090895647874904,160
817,47070.14768545391,44716.64030118121,11.331640690652307,160
818,29166.289146982926,27707.97468963378,10.596844440389484,160
819,46171.46206387109,43862.888960677534,12.873182960986028,160
820,55441.728843603596,52669.642401423414,13.577522537433925,160
821,50875.764832378314,48331.9765907594,13.15758682404899,160
822,45966.561351938624,43668.23328434169,9.755431980695063,160
823,55521.89440304218,52745.799682890065,2.3248948502286932,160
824,41302.032489097575,39236.930864642694,6.742524613344443,160
825,59738.988558013036,56752.03913011238,12.461666257019118,160
826,36193.546169675225,34383.86886119146,7.967306042993035,160
827,56908.77327397272,54063.33461027408,11.738929687967941,160
828,56267.12407426076,53453.76787054772,9.245383341866512,160
829,61677.85500030352,58593.96225028834,4.839692347156545,160
830,50682.54514052019,48148.41788349418,7.575202835077221,160
831,53842.43722410639,51150.31536290107,8.291848899555617,160
832,55203.60074028911,52443.420703274656,5.490759094720546,160
833,57763.14711877481,54874.98976283607,12.410095146463489,160
834,65965.33991827171,62667.07292235812,19.329755668016084,160
835,58655.53647792679,55722.75965403045,12.986597407249242,160
836,51840.56607353122,49248.53776985466,11.493229267274183,160
837,46618.93151422754,44287.98493851616,12.029794049847542,160
838,45533.585968431755,43256.90667001017,6.6995373010849155,160
839,58465.65637555126,55542.373556773695,12.812680366614295,160
840,49955.23184936763,47457.47025689924,12.006224966777538,160
841,53633.465337518704,50951.79207064277,8.395800257321225,160
842,47648.264418686544,45265.851197752214,9.785202244425799,160
843,49517.68806886711,47041.80366542375,11.36438550892714,160
844,57123.065308158286,54266.912042750366,11.7256150483197,160
845,64553.78546639777,61326.09619307788,10.119809191644071,160
846,53936.150783942394,51239.34324474527,8.421895471997258,160
847,42028.866486663464,39927.42316233029,9.160380741501935,160
848,46169.30035193277,43860.83533433613,7.411672707870638,160
849,53012.592121113,50361.96251505735,12.42957352491108,160
850,55468.55458560382,52695.12685632363,5.902132866398397,160
851,50557.97479072839,48030.076051191965,8.080706417667601,160
852,41765.027934543425,39676.77653781625,5.941989142469397,160
853,59741.9878852096,56754.88849094912,7.394676912243554,160
854,45713.58829558162,43427.90888080253,4.87792612722116,160
855,46542.09728668298,44214.992422348834,9.510037578148305,160
856,51280.1458068223,48716.13851648118,11.505348208502635,160
857,40516.3011712392,38490.486112677245,11.562904496724485,160
858,46692.278711013794,44357.664775463105,10.780841519748659,160
859,45943.39507581195,43646.22532202135,4.994645344266856,160
860,50262.37596329269,47749.25716512805,7.724513995899791,160
861,62108.783797222226,59003.34460736111,8.159917562445152,160
862,35230.49710209525,33468.97224699049,7.21146741942277,160
863,43371.8765109,41203.282685355,8.011646563616901,160
864,42625.1214949975,40493.86542024762,6.988127883755505,160
865,50700.625751628715,48165.59446404727,11.18780702688032,160
866,45626.55932330187,43345.23135713678,9.18503466902184,160
867,61988.660576094946,58889.2275472902,13.743270502228647,160
868,56491.172435932735,53666.61381413609,6.555210133742145,160
869,37400.16424453581,35530.156032309016,12.778187133435898,160
870,58141.29173474802,55234.227148010614,10.814485932476945,160
871,48280.71715879937,45866.6813008594,10.830380347975865,160
872,58378.54165297159,55459.61457032301,13.50876997728332,160
873,50350.23810171111,47832.726196625554,9.232476589290725,160
874,54576.459533713154,51847.636557027494,9.813426949002068,160
875,46916.933379798276,44571.08671080836,11.261357431742676,160
876,49811.5827930061,47321.003653355794,9.476937226291492,160
877,52532.32261286906,49905.7064822256,10.568982631190263,160
878,46505.88610209426,44180.591796989545,5.180268697783962,160
879,50126.46035289472,47620.13733524998,9.739732748353166,160
880,39661.89843915505,37678.803517197295,12.069123415735582,160
881,105746.92878707328,100459.58234771961,35.11147568767618,160
882,43729.87467530883,41543.380941543386,7.928376843051222,160
883,63640.11317765624,60458.107518773424,9.097590063349214,160
884,45359.574069039656,43091.59536558767,10.718213501606131,160
885,53263.01425900257,50599.86354605244,11.357594309078454,160
886,50607.642143328696,48077.26003616226,12.228047255079167,160
887,61336.16330385301,58269.35513866036,12.044018509556826,160
888,43893.711166571346,41699.02560824277,10.113813506342806,160
889,51230.65532862605,48669.122562194745,12.299402104334789,160
890,43712.11173892014,41526.50615197413,5.856866190538676,160
891,58855.71813042113,55912.932223900076,11.92355998723321,160
892,39291.153602214006,37326.595922103304,12.078755869094834,160
893,37077.06838978619,35223.214970296875,3.8934074715463813,160
894,45603.54291273136,43323.365767094794,12.578763660939405,160
895,44476.90699089059,42253.06164134606,10.01227902302637,160
896,46055.01742080182,43752.26654976173,14.330896010406443,160
897,44406.09426171898,42185.78954863303,8.522925778019461,160
898,56322.97516841369,53506.82640999301,11.020153883706671,160
899,44445.13623413296,42222.87942242631,10.989938382870571,160
900,41318.795787537616,39252.85599816073,7.523768410063134,160
901,32841.5783795981,31199.49946061819,11.598499902390401,160
902,53854.92849374793,51162.18206906053,11.641794392133901,160
903,40835.69425600864,38793.9095432082,5.909882125836525,160
904,48161.60295539845,45753.52280762852,7.445780697219059,160
905,38794.608071051494,36854.87766749892,10.04299617953247,160
906,57374.412015818016,54505.69141502711,11.448063661627637,160
907,46884.78765575841,44540.54827297049,14.772714714713553,160
908,53789.05661449164,51099.60378376705,7.220856610055385,160
909,41703.85944489787,39618.66647265297,12.231447095501375,160
910,57806.53375475767,54916.207067019786,12.75536333182724,160
911,47751.84282182732,45364.25068073595,11.274898348742635,160
912,48263.863596605035,45850.67041677478,9.074551634632542,160
913,38659.00852652182,36726.05810019573,11.799577899506936,160
914,38979.059993966104,37030.1069942678,8.305677987487172,160
915,50900.40572006583,48355.38543406253,11.33510759234857,160
916,37312.13350209633,35446.52682699151,4.360226844582865,160
917,58687.41357058238,55753.04289205326,13.165656553993127,160
918,28914.018087864977,27468.31718347173,10.010126519791482,160
919,54391.030750551654,51671.47921302407,16.657603815885334,160
920,42596.6029915233,40466.77284194713,10.766151267022952,160
921,53467.91773958818,50794.52185260877,7.581797323750585,160
922,56867.60893325332,54024.228486590655,9.29613829012776,160
923,57043.391246120125,54191.22168381412,32.336162053321985,160
924,70966.3447282398,67418.0274918278,6.664098922677509,160
925,82457.56022157757,78334.6822104987,37.54413191614026,160
926,52245.09123592109,49632.836674125036,15.2758614525854,160
927,52891.536295578604,50246.95948079967,11.015040000764772,160
928,58771.75387048707,55833.16617696271,8.122968137511362,160
929,52669.822908494985,50036.33176307024,9.107167113649915,160
930,43599.69148481883,41419.70691057789,9.809426276153935,160
931,47794.382456633066,45404.66333380141,12.822088431468046,160
932,45146.39764187763,42889.077759783744,10.633851076838418,160
933,47641.765725602054,45259.677439321946,14.038534790879876,160
934,34987.57835166501,33238.19943408176,11.859134337898409,160
935,39965.60909651399,37967.328641688284,5.587273728437205,160
936,45162.0426836943,42903.940549509585,3.383301828702793,160
937,120630.34981488039,114598.83232413637,38.712058274465704,160
938,55212.17593071605,52451.567134180244,6.58694298872555,160
939,52148.27189171847,49540.858297132545,14.539027798011967,160
940,53658.24323692193,50975.33107507583,14.3674669664403,160
941,56009.04678244681,53208.594443324466,11.872214245358427,160
942,53278.10236767598,50614.19724929218,7.416736269479289,160
943,44234.8826253444,42023.138494077175,11.58649390543906,160
944,52372.6043611261,49753.97414306979,11.389554385802754,160
945,54331.2605509807,51614.69752343166,14.325150282850156,160
946,51525.084730120194,48948.83049361418,12.823931742302449,160
947,49260.812491173216,46797.77186661455,6.348638792941284,160
948,43218.92857104732,41057.982142494955,8.043733334220818,160
949,43935.3173865024,41738.55151717728,7.9378470637279,160
950,50124.94667159682,47618.69933801698,12.706831521359941,160
951,51778.12905958593,49189.222606606636,8.561989415677445,160
952,54086.336708220755,51382.01987280972,13.091741756872171,160
953,57412.84406435526,54542.201861137495,6.704347477580815,160
954,51374.71471834825,48805.97898243084,11.659753659954351,160
955,43460.7928247412,41287.75318350414,8.171296513492052,160
956,53705.65033679298,51020.36781995333,5.898586580619263,160
957,58356.111889947686,55438.3062954503,11.61153528287728,160
958,44425.825452563404,42204.53417993523,11.74607970125418,160
959,42404.605386193885,40284.37511688419,14.304204938993031,160
960,52797.20037839755,50157.340359477676,5.305591685913835,160
961,40117.24946283196,38111.38698969036,13.493995625504715,160
962,47364.41770922327,44996.196823762104,12.195612112864886,160
963,46246.80775979352,43934.46737180384,11.93388473895309,160
964,56054.30943989586,53251.59396790106,11.837406382040808,160
965,49221.305450698535,46760.24017816361,8.48863124768819,160
966,49685.54169897895,47201.26461403,9.596509646794802,160
967,35503.68879096304,33728.504351414886,11.9216007748931,160
968,54976.55992244839,52227.73192632596,13.986799958606229,160
969,58571.29041509993,55642.725894344934,16.060147320788943,160
970,51994.46876513383,49394.745326877135,13.13526542225426,160
971,64150.174266075366,60942.66555277159,8.523569454411993,160
972,53998.912989922974,51298.967340426825,5.802081475594175,160
973,48348.152118585225,45930.74451265596,11.681444196414805,160
974,55004.06413464829,52253.86092791587,12.655694448966972,160
975,49470.853721010666,46997.311034960134,8.040725015948992,160
976,41528.7393035472,39452.30233836984,14.444990207387796,160
977,50011.03720806388,47510.48534766068,6.16968114360674,160
978,58091.70428326685,55187.11906910351,14.024427746592643,160
979,53232.813240072064,50571.17257806846,6.934077668827611,160
980,54503.04688139484,51777.8945373251,7.360556939493837,160
981,57620.78715719125,54739.74779933168,11.421079410196683,160
982,62433.28336571819,59311.61919743228,12.56192792965667,160
983,42157.91058961992,40050.01506013892,19.185840896218657,160
984,51930.57547933425,49334.04670536753,6.5469577491414785,160
985,51208.88349827846,48648.43932336454,12.29582931509428,160
986,46273.5554470547,43959.877674701966,9.547486865299915,160
987,43540.51678824308,41363.49094883093,9.552984401908404,160
988,40955.07732049979,38907.3234544748,11.868133671700805,160
989,48668.24697411817,46234.83462541226,10.635636035955468,160
990,57162.8434461008,54304.701273795756,8.105266812504006,160
991,52309.231446459875,49693.76987413688,10.224328803765905,160
992,45868.562848899426,43575.13470645445,9.410600249715708,160
993,52744.536071407485,50107.30926783711,10.925350324994545,160
994,48353.12455295728,45935.46832530941,7.760264960379283,160
995,44723.18185184614,42487.02275925383,7.885394638553528,160
996,46070.770022863166,43767.23152172001,9.145373519890988,160
997,36382.29387135991,34563.17917779191,8.611552940981467,160
998,40374.39315688684,38355.673499042496,6.873866763270691,160
999,46947.80688646742,44600.41654214405,8.259569045491672,160
